Class Name,Type
appeng.integration.modules.NEIHelpers.NEIAEShapedRecipeHandler,crafting
appeng.integration.modules.NEIHelpers.NEIAEShapelessRecipeHandler,crafting
appeng.integration.modules.NEIHelpers.NEIInscriberRecipeHandler,crafting
appeng.integration.modules.NEIHelpers.NEIWorldCraftingHandler,crafting
appeng.integration.modules.NEIHelpers.NEIGrinderRecipeHandler,crafting
appeng.integration.modules.NEIHelpers.NEIFacadeRecipeHandler,crafting
buildcraft.compat.nei.RecipeHandlerRefinery,crafting
buildcraft.compat.nei.RecipeHandlerAssemblyTable,crafting
buildcraft.compat.nei.RecipeHandlerIntegrationTable,crafting
codechicken.nei.recipe.ShapedRecipeHandler,crafting
codechicken.nei.recipe.ShapelessRecipeHandler,crafting
codechicken.nei.recipe.FireworkRecipeHandler,crafting
codechicken.nei.recipe.FurnaceRecipeHandler,crafting
codechicken.nei.recipe.BrewingRecipeHandler,crafting
codechicken.nei.recipe.FuelRecipeHandler,crafting
codechicken.nei.recipe.ProfilerRecipeHandler,crafting
aroma1997.core.recipes.nei.ShapedAromicRecipeHandler,crafting
aroma1997.core.recipes.nei.ShapelessAromicRecipeHandler,crafting
factorization.nei.RecipeCrystallizer,crafting
factorization.nei.RecipeGrinder,crafting
factorization.nei.RecipeSlagFurnace,crafting
ic2.neiIntegration.core.AdvRecipeHandler,crafting
ic2.neiIntegration.core.AdvShapelessRecipeHandler,crafting
ic2.neiIntegration.core.GradualRecipeHandler,crafting
ic2.neiIntegration.core.MaceratorRecipeHandler,crafting
ic2.neiIntegration.core.ExtractorRecipeHandler,crafting
ic2.neiIntegration.core.CompressorRecipeHandler,crafting
ic2.neiIntegration.core.ScrapboxRecipeHandler,crafting
ic2.neiIntegration.core.MetalFormerRecipeHandlerExtruding,crafting
ic2.neiIntegration.core.MetalFormerRecipeHandlerCutting,crafting
ic2.neiIntegration.core.MetalFormerRecipeHandlerRolling,crafting
ic2.neiIntegration.core.CentrifugeRecipeHandler,crafting
ic2.neiIntegration.core.BlockCutterRecipeHandler,crafting
ic2.neiIntegration.core.OreWashingRecipeHandler,crafting
ic2.neiIntegration.core.SolidCannerRecipeHandler,crafting
ic2.neiIntegration.core.BlastFurnaceRecipeHandler,crafting
ic2.neiIntegration.core.LatheRecipeHandler,crafting
mrtjp.projectred.core.libmc.recipe.PRShapedRecipeHandler,crafting
mrtjp.projectred.core.libmc.recipe.PRShapelessRecipeHandler,crafting
cofh.thermalexpansion.plugins.nei.handlers.RecipeHandlerCraftingUpgrade,crafting
cofh.thermalexpansion.plugins.nei.handlers.RecipeHandlerFurnace,crafting
cofh.thermalexpansion.plugins.nei.handlers.RecipeHandlerPulverizer,crafting
cofh.thermalexpansion.plugins.nei.handlers.RecipeHandlerSawmill,crafting
cofh.thermalexpansion.plugins.nei.handlers.RecipeHandlerSmelter,crafting
cofh.thermalexpansion.plugins.nei.handlers.RecipeHandlerCrucible,crafting
cofh.thermalexpansion.plugins.nei.handlers.RecipeHandlerTransposer,crafting
cofh.thermalexpansion.plugins.nei.handlers.RecipeHandlerInsolator,crafting
WayofTime.alchemicalWizardry.client.nei.NEIAlchemyRecipeHandler,crafting
WayofTime.alchemicalWizardry.client.nei.NEIAltarRecipeHandler,crafting
WayofTime.alchemicalWizardry.client.nei.NEIBloodOrbShapedHandler,crafting
WayofTime.alchemicalWizardry.client.nei.NEIBloodOrbShapelessHandler,crafting
WayofTime.alchemicalWizardry.client.nei.NEIBindingRitualHandler,crafting
vazkii.botania.client.integration.nei.RecipeHandlerPetalApothecary,crafting
vazkii.botania.client.integration.nei.RecipeHandlerRunicAltar,crafting
vazkii.botania.client.integration.nei.RecipeHandlerManaPool,crafting
vazkii.botania.client.integration.nei.RecipeHandlerElvenTrade,crafting
vazkii.botania.client.integration.nei.RecipeHandlerBrewery,crafting
com.cricketcraft.chisel.compat.nei.RecipeHandlerChisel,crafting
crazypants.enderio.nei.AlloySmelterRecipeHandler,crafting
crazypants.enderio.nei.SagMillRecipeHandler,crafting
crazypants.enderio.nei.VatRecipeHandler,crafting
crazypants.enderio.nei.EnchanterRecipeHandler,crafting
crazypants.enderio.nei.SliceAndSpliceRecipeHandler,crafting
crazypants.enderio.nei.SoulBinderRecipeHandler,crafting
com.rwtema.extrautils.nei.EnderConstructorHandler,crafting
com.rwtema.extrautils.nei.InfoHandler,crafting
com.rwtema.extrautils.nei.SoulHandler,crafting
com.rwtema.extrautils.nei.FMPMicroBlocksHandler,crafting
com.rwtema.extrautils.nei.MicroBlocksHandler,crafting
tconstruct.plugins.nei.RecipeHandlerDryingRack,crafting
tconstruct.plugins.nei.RecipeHandlerToolMaterials,crafting
tconstruct.plugins.nei.RecipeHandlerMelting,crafting
tconstruct.plugins.nei.RecipeHandlerAlloying,crafting
tconstruct.plugins.nei.RecipeHandlerCastingTable,crafting
tconstruct.plugins.nei.RecipeHandlerCastingBasin,crafting
net.machinemuse.numina.nei.JSONRecipeHandler,crafting
net.bdew.neiaddons.botany.flowers.FlowerBreedingHandler,crafting
net.bdew.neiaddons.forestry.bees.BeeBreedingHandler,crafting
net.bdew.neiaddons.forestry.bees.BeeProduceHandler,crafting
net.bdew.neiaddons.forestry.trees.TreeBreedingHandler,crafting
net.bdew.neiaddons.forestry.trees.TreeProduceHandler,crafting
net.bdew.neiaddons.forestry.butterflies.ButterflyBreedingHandler,crafting
tonius.neiintegration.mcforge.RecipeHandlerFluidRegistry,crafting
tonius.neiintegration.mcforge.RecipeHandlerOreDictionary,crafting
tonius.neiintegration.bigreactors.RecipeHandlerCyaniteReprocessor,crafting
tonius.neiintegration.forestry.RecipeHandlerShapedCustom,crafting
tonius.neiintegration.forestry.RecipeHandlerBottler,crafting
tonius.neiintegration.forestry.RecipeHandlerCarpenter,crafting
tonius.neiintegration.forestry.RecipeHandlerCentrifuge,crafting
tonius.neiintegration.forestry.RecipeHandlerFabricator,crafting
tonius.neiintegration.forestry.RecipeHandlerFermenter,crafting
tonius.neiintegration.forestry.RecipeHandlerMoistener,crafting
tonius.neiintegration.forestry.RecipeHandlerSqueezer,crafting
tonius.neiintegration.forestry.RecipeHandlerStill,crafting
tonius.neiintegration.minefactoryreloaded.RecipeHandlerBioReactor,crafting
tonius.neiintegration.minefactoryreloaded.RecipeHandlerComposter,crafting
tonius.neiintegration.minefactoryreloaded.RecipeHandlerGrinder,crafting
tonius.neiintegration.minefactoryreloaded.RecipeHandlerHarvester,crafting
tonius.neiintegration.minefactoryreloaded.RecipeHandlerLaserDrill,crafting
tonius.neiintegration.minefactoryreloaded.RecipeHandlerLavaFabricator,crafting
tonius.neiintegration.minefactoryreloaded.RecipeHandlerMeatPacker,crafting
tonius.neiintegration.minefactoryreloaded.RecipeHandlerSewer,crafting
tonius.neiintegration.minefactoryreloaded.RecipeHandlerSlaughterhouse,crafting
tonius.neiintegration.minefactoryreloaded.RecipeHandlerSludgeBoiler,crafting
tonius.neiintegration.railcraft.RecipeHandlerBlastFurnace,crafting
tonius.neiintegration.railcraft.RecipeHandlerCokeOven,crafting
tonius.neiintegration.railcraft.RecipeHandlerRockCrusher,crafting
tonius.neiintegration.railcraft.RecipeHandlerRollingMachineShaped,crafting
tonius.neiintegration.railcraft.RecipeHandlerRollingMachineShapeless,crafting
pneumaticCraft.common.nei.NEIPressureChamberRecipeManager,crafting
pneumaticCraft.common.nei.NEIAssemblyControllerRecipeManager,crafting
cofh.thermaldynamics.plugins.nei.RecipeHandlerCover,crafting
com.emoniph.witchery.integration.NEIWitchesOvenRecipeHandler,crafting
com.emoniph.witchery.integration.NEIDistilleryRecipeHandler,crafting
com.emoniph.witchery.integration.NEIKettleRecipeHandler,crafting
com.emoniph.witchery.integration.NEICauldronRecipeHandler,crafting
com.emoniph.witchery.integration.NEISpinningWheelRecipeHandler,crafting
appeng.integration.modules.NEIHelpers.NEIAEShapedRecipeHandler,usage
appeng.integration.modules.NEIHelpers.NEIAEShapelessRecipeHandler,usage
appeng.integration.modules.NEIHelpers.NEIInscriberRecipeHandler,usage
appeng.integration.modules.NEIHelpers.NEIWorldCraftingHandler,usage
appeng.integration.modules.NEIHelpers.NEIGrinderRecipeHandler,usage
appeng.integration.modules.NEIHelpers.NEIFacadeRecipeHandler,usage
buildcraft.compat.nei.RecipeHandlerRefinery,usage
buildcraft.compat.nei.RecipeHandlerAssemblyTable,usage
buildcraft.compat.nei.RecipeHandlerIntegrationTable,usage
codechicken.nei.recipe.ShapedRecipeHandler,usage
codechicken.nei.recipe.ShapelessRecipeHandler,usage
codechicken.nei.recipe.FireworkRecipeHandler,usage
codechicken.nei.recipe.FurnaceRecipeHandler,usage
codechicken.nei.recipe.BrewingRecipeHandler,usage
codechicken.nei.recipe.FuelRecipeHandler,usage
codechicken.nei.recipe.ProfilerRecipeHandler,usage
aroma1997.core.recipes.nei.ShapedAromicRecipeHandler,usage
aroma1997.core.recipes.nei.ShapelessAromicRecipeHandler,usage
factorization.nei.RecipeCrystallizer,usage
factorization.nei.RecipeGrinder,usage
factorization.nei.RecipeSlagFurnace,usage
ic2.neiIntegration.core.AdvRecipeHandler,usage
ic2.neiIntegration.core.AdvShapelessRecipeHandler,usage
ic2.neiIntegration.core.GradualRecipeHandler,usage
ic2.neiIntegration.core.MaceratorRecipeHandler,usage
ic2.neiIntegration.core.ExtractorRecipeHandler,usage
ic2.neiIntegration.core.CompressorRecipeHandler,usage
ic2.neiIntegration.core.ScrapboxRecipeHandler,usage
ic2.neiIntegration.core.MetalFormerRecipeHandlerExtruding,usage
ic2.neiIntegration.core.MetalFormerRecipeHandlerCutting,usage
ic2.neiIntegration.core.MetalFormerRecipeHandlerRolling,usage
ic2.neiIntegration.core.CentrifugeRecipeHandler,usage
ic2.neiIntegration.core.BlockCutterRecipeHandler,usage
ic2.neiIntegration.core.OreWashingRecipeHandler,usage
ic2.neiIntegration.core.SolidCannerRecipeHandler,usage
ic2.neiIntegration.core.BlastFurnaceRecipeHandler,usage
ic2.neiIntegration.core.LatheRecipeHandler,usage
mrtjp.projectred.core.libmc.recipe.PRShapedRecipeHandler,usage
mrtjp.projectred.core.libmc.recipe.PRShapelessRecipeHandler,usage
cofh.thermalexpansion.plugins.nei.handlers.RecipeHandlerCraftingUpgrade,usage
cofh.thermalexpansion.plugins.nei.handlers.RecipeHandlerFurnace,usage
cofh.thermalexpansion.plugins.nei.handlers.RecipeHandlerPulverizer,usage
cofh.thermalexpansion.plugins.nei.handlers.RecipeHandlerSawmill,usage
cofh.thermalexpansion.plugins.nei.handlers.RecipeHandlerSmelter,usage
cofh.thermalexpansion.plugins.nei.handlers.RecipeHandlerCrucible,usage
cofh.thermalexpansion.plugins.nei.handlers.RecipeHandlerTransposer,usage
cofh.thermalexpansion.plugins.nei.handlers.RecipeHandlerInsolator,usage
WayofTime.alchemicalWizardry.client.nei.NEIAlchemyRecipeHandler,usage
WayofTime.alchemicalWizardry.client.nei.NEIAltarRecipeHandler,usage
WayofTime.alchemicalWizardry.client.nei.NEIBloodOrbShapedHandler,usage
WayofTime.alchemicalWizardry.client.nei.NEIBloodOrbShapelessHandler,usage
WayofTime.alchemicalWizardry.client.nei.NEIBindingRitualHandler,usage
vazkii.botania.client.integration.nei.RecipeHandlerPetalApothecary,usage
vazkii.botania.client.integration.nei.RecipeHandlerRunicAltar,usage
vazkii.botania.client.integration.nei.RecipeHandlerManaPool,usage
vazkii.botania.client.integration.nei.RecipeHandlerElvenTrade,usage
vazkii.botania.client.integration.nei.RecipeHandlerBrewery,usage
com.cricketcraft.chisel.compat.nei.RecipeHandlerChisel,usage
crazypants.enderio.nei.AlloySmelterRecipeHandler,usage
crazypants.enderio.nei.SagMillRecipeHandler,usage
crazypants.enderio.nei.VatRecipeHandler,usage
crazypants.enderio.nei.EnchanterRecipeHandler,usage
crazypants.enderio.nei.SliceAndSpliceRecipeHandler,usage
crazypants.enderio.nei.SoulBinderRecipeHandler,usage
com.rwtema.extrautils.nei.EnderConstructorHandler,usage
com.rwtema.extrautils.nei.InfoHandler,usage
com.rwtema.extrautils.nei.SoulHandler,usage
com.rwtema.extrautils.nei.FMPMicroBlocksHandler,usage
com.rwtema.extrautils.nei.MicroBlocksHandler,usage
tconstruct.plugins.nei.RecipeHandlerDryingRack,usage
tconstruct.plugins.nei.RecipeHandlerToolMaterials,usage
tconstruct.plugins.nei.RecipeHandlerMelting,usage
tconstruct.plugins.nei.RecipeHandlerAlloying,usage
tconstruct.plugins.nei.RecipeHandlerCastingTable,usage
tconstruct.plugins.nei.RecipeHandlerCastingBasin,usage
net.machinemuse.numina.nei.JSONRecipeHandler,usage
net.bdew.neiaddons.botany.flowers.FlowerBreedingHandler,usage
net.bdew.neiaddons.forestry.bees.BeeBreedingHandler,usage
net.bdew.neiaddons.forestry.bees.BeeProduceHandler,usage
net.bdew.neiaddons.forestry.trees.TreeBreedingHandler,usage
net.bdew.neiaddons.forestry.trees.TreeProduceHandler,usage
net.bdew.neiaddons.forestry.butterflies.ButterflyBreedingHandler,usage
tonius.neiintegration.mcforge.RecipeHandlerFluidRegistry,usage
tonius.neiintegration.mcforge.RecipeHandlerOreDictionary,usage
tonius.neiintegration.bigreactors.RecipeHandlerCyaniteReprocessor,usage
tonius.neiintegration.forestry.RecipeHandlerShapedCustom,usage
tonius.neiintegration.forestry.RecipeHandlerBottler,usage
tonius.neiintegration.forestry.RecipeHandlerCarpenter,usage
tonius.neiintegration.forestry.RecipeHandlerCentrifuge,usage
tonius.neiintegration.forestry.RecipeHandlerFabricator,usage
tonius.neiintegration.forestry.RecipeHandlerFermenter,usage
tonius.neiintegration.forestry.RecipeHandlerMoistener,usage
tonius.neiintegration.forestry.RecipeHandlerSqueezer,usage
tonius.neiintegration.forestry.RecipeHandlerStill,usage
tonius.neiintegration.minefactoryreloaded.RecipeHandlerBioReactor,usage
tonius.neiintegration.minefactoryreloaded.RecipeHandlerComposter,usage
tonius.neiintegration.minefactoryreloaded.RecipeHandlerGrinder,usage
tonius.neiintegration.minefactoryreloaded.RecipeHandlerHarvester,usage
tonius.neiintegration.minefactoryreloaded.RecipeHandlerLaserDrill,usage
tonius.neiintegration.minefactoryreloaded.RecipeHandlerLavaFabricator,usage
tonius.neiintegration.minefactoryreloaded.RecipeHandlerMeatPacker,usage
tonius.neiintegration.minefactoryreloaded.RecipeHandlerSewer,usage
tonius.neiintegration.minefactoryreloaded.RecipeHandlerSlaughterhouse,usage
tonius.neiintegration.minefactoryreloaded.RecipeHandlerSludgeBoiler,usage
tonius.neiintegration.railcraft.RecipeHandlerBlastFurnace,usage
tonius.neiintegration.railcraft.RecipeHandlerCokeOven,usage
tonius.neiintegration.railcraft.RecipeHandlerRockCrusher,usage
tonius.neiintegration.railcraft.RecipeHandlerRollingMachineShaped,usage
tonius.neiintegration.railcraft.RecipeHandlerRollingMachineShapeless,usage
pneumaticCraft.common.nei.NEIPressureChamberRecipeManager,usage
pneumaticCraft.common.nei.NEIAssemblyControllerRecipeManager,usage
cofh.thermaldynamics.plugins.nei.RecipeHandlerCover,usage
com.emoniph.witchery.integration.NEIWitchesOvenRecipeHandler,usage
com.emoniph.witchery.integration.NEIDistilleryRecipeHandler,usage
com.emoniph.witchery.integration.NEICauldronRecipeHandler,usage
com.emoniph.witchery.integration.NEISpinningWheelRecipeHandler,usage
